CustomerID,FirstName,LastName,Email,Phone,Address,City,State,Country,PostalCode
1,John,Doe,johndoe@example.com,123-456-7890,123 Main St,Anytown,CA,USA,12345
2,Jane,Smith,janesmith@example.com,456-789-0123,456 Elm St,Sometown,NY,USA,67890
3,Michael,Johnson,michaelj@example.com,789-012-3456,789 Oak Ave,Othercity,TX,USA,23456
4,Emily,Brown,emilyb@example.com,234-567-8901,987 Pine Blvd,Smalltown,FL,USA,45678
5,David,Lee,davidlee@example.com,567-890-1234,654 Birch Ln,Ruralville,WA,USA,89012
6,Sarah,Williams,sarahw@example.com,890-123-4567,321 Cedar Rd,Suburbia,IL,USA,56789
7,James,Miller,jamesm@example.com,345-678-9012,876 Willow Dr,Bigcity,CA,USA,23456
8,Laura,Davis,laurad@example.com,901-234-5678,543 Maple Ave,Townsville,OH,USA,78901
9,Chris,Wilson,chrisw@example.com,123-456-7890,123 Pine St,Metropolis,TX,USA,34567
10,Elizabeth,Jones,elizabethj@example.com,456-789-0123,456 Cedar Ave,Villageton,NY,USA,90123
11,Matthew,Moore,matthewm@example.com,789-012-3456,789 Oak St,Hometown,CA,USA,45678
12,Amanda,Taylor,amandat@example.com,234-567-8901,987 Elm Blvd,Ruraltown,FL,USA,23456
13,Daniel,Anderson,daniela@example.com,567-890-1234,654 Pine Ln,Smallville,WA,USA,89012
14,Olivia,Thomas,oliviat@example.com,890-123-4567,321 Birch Rd,Suburbville,IL,USA,56789
15,Joshua,Hall,joshuah@example.com,345-678-9012,876 Oak Dr,Bigtown,OH,USA,23456
16,Samantha,Garcia,samanthag@example.com,901-234-5678,543 Maple St,Towncity,TX,USA,78901
17,Andrew,Martinez,andrewm@example.com,123-456-7890,123 Cedar Ave,Villageville,NY,USA,34567
18,Ashley,Robinson,ashleyr@example.com,456-789-0123,456 Pine Blvd,Hometown,CA,USA,90123
19,Christopher,Hernandez,christopherh@example.com,789-012-3456,789 Elm St,Ruralcity,FL,USA,45678
20,Megan,Young,megany@example.com,234-567-8901,987 Oak Blvd,Suburbtown,WA,USA,90123
21,Nathan,Wright,nathanw@example.com,567-890-1234,654 Cedar Ln,Townsville,OH,USA,89012
22,Emma,Lopez,emmal@example.com,890-123-4567,321 Oak Rd,Metropolis,TX,USA,56789
23,Ryan,Hill,ryanh@example.com,345-678-9012,876 Pine Dr,Villageton,NY,USA,23456
24,Lauren,Scott,laurens@example.com,901-234-5678,543 Elm Ave,Bigcity,CA,USA,78901
25,Justin,Gonzalez,justing@example.com,123-456-7890,123 Birch St,Hometown,CA,USA,34567
26,Hannah,Perez,hannahp@example.com,456-789-0123,456 Willow Ave,Ruraltown,FL,USA,90123
27,Brandon,Ramirez,brandonr@example.com,789-012-3456,789 Cedar Blvd,Smalltown,WA,USA,45678
28,Sophia,Collins,sophiac@example.com,234-567-8901,987 Oak Ln,Suburbia,IL,USA,23456
29,William,Morris,williamm@example.com,567-890-1234,654 Pine Rd,Bigtown,OH,USA,89012
30,Victoria,Nguyen,victorian@example.com,890-123-4567,321 Maple Dr,Hometown,CA,USA,56789
31,Alexander,Ross,alexanderr@example.com,345-678-9012,876 Cedar Ave,Ruralville,WA,USA,23456
32,Kayla,Baker,kaylab@example.com,901-234-5678,543 Elm St,Suburbville,IL,USA,78901
33,Logan,Campbell,loganc@example.com,123-456-7890,123 Pine Blvd,Bigcity,CA,USA,34567
34,Madison,James,madisonj@example.com,456-789-0123,456 Cedar Ln,Towncity,TX,USA,90123
35,Jonathan,Hughes,jonathanh@example.com,789-012-3456,789 Birch Rd,Smallville,WA,USA,45678
36,Grace,Watson,gracew@example.com,234-567-8901,987 Willow Dr,Suburbtown,OH,USA,90123
37,Ethan,Cook,ethanc@example.com,567-890-1234,654 Oak Ave,Metropolis,TX,USA,56789
38,Isabella,Bell,isabellab@example.com,890-123-4567,321 Birch Blvd,Villageton,NY,USA,23456
39,Aaron,Parker,aaronp@example.com,345-678-9012,876 Pine Ln,Bigcity,CA,USA,78901
40,Savannah,Gonzales,savannahg@example.com,901-234-5678,543 Elm Rd,Ruraltown,FL,USA,34567
41,Kevin,Evans,kevine@example.com,123-456-7890,123 Willow Ave,Smalltown,WA,USA,78901
42,Kylie,Gomez,kylieg@example.com,456-789-0123,456 Cedar Rd,Suburbia,IL,USA,45678
43,Noah,Harrison,noahh@example.com,789-012-3456,789 Oak Dr,Bigcity,CA,USA,90123
44,Ava,Foster,avaf@example.com,234-567-8901,987 Pine Ave,Hometown,CA,USA,56789
45,Dylan,Butler,dylanb@example.com,567-890-1234,654 Elm Blvd,Ruralville,FL,USA,23456
46,Alexis,Murray,alexism@example.com,890-123-4567,321 Cedar Ln,Townsville,OH,USA,90123
47,Jameson,Woods,jamesonw@example.com,345-678-9012,876 Maple Rd,Metropolis,TX,USA,45678
48,Amelia,Cruz,ameliac@example.com,901-234-5678,543 Pine Dr,Villageton,NY,USA,78901
49,Lucas,Edwards,lucase@example.com,123-456-7890,123 Birch Ln,Bigtown,OH,USA,34567
50,Julia,Simmons,julias@example.com,456-789-0123,456 Oak Rd,Hometown,CA,USA,78901
51,Aidan,Wallace,aidanw@example.com,789-012-3456,789 Willow Ave,Ruraltown,FL,USA,90123
52,Abigail,Morgan,abigailm@example.com,234-567-8901,987 Pine Blvd,Smalltown,WA,USA,56789
53,Connor,Howard,connorh@example.com,567-890-1234,654 Elm Ave,Suburbia,IL,USA,23456
54,Addison,Bailey,addisonb@example.com,890-123-4567,321 Oak Ln,Bigtown,OH,USA,89012
55,Emma,Russell,emmar@example.com,345-678-9012,876 Cedar Rd,Hometown,CA,USA,56789
56,Eliana,Myers,elianam@example.com,901-234-5678,543 Willow Dr,Suburbville,IL,USA,23456
57,Austin,Kim,austink@example.com,123-456-7890,123 Pine Dr,Bigcity,CA,USA,89012
58,Leah,Lopez,leahl@example.com,456-789-0123,456 Cedar Ave,Towncity,TX,USA,56789
59,Jaxon,Bennett,jaxonb@example.com,789-012-3456,789 Elm St,Smallville,WA,USA,23456
60,Natalie,Sullivan,natalies@example.com,234-567-8901,987 Maple Ave,Suburbtown,OH,USA,78901
61,Jason,Mitchell,jasonm@example.com,567-890-1234,654 Cedar Ln,Suburbia,IL,USA,89012
62,Lily,Patel,lilyp@example.com,890-123-4567,321 Maple Rd,Townsville,OH,USA,56789
63,Cameron,Brown,cameronb@example.com,345-678-9012,876 Oak Dr,Metropolis,TX,USA,23456
64,Ella,Nguyen,ellan@example.com,901-234-5678,543 Pine Blvd,Villageton,NY,USA,78901
65,Isaac,Perez,isaacp@example.com,123-456-7890,123 Elm Ave,Bigcity,CA,USA,34567
66,Zoe,Garcia,zoeg@example.com,456-789-0123,456 Cedar St,Hometown,CA,USA,90123
67,Owen,White,owenw@example.com,789-012-3456,789 Birch Ln,Ruraltown,FL,USA,45678
68,Alyssa,Sanders,alyssas@example.com,234-567-8901,987 Pine Rd,Smalltown,WA,USA,23456
69,Tyler,Brooks,tylerb@example.com,567-890-1234,654 Willow Blvd,Suburbville,IL,USA,89012
70,Aubrey,Ross,aubreyr@example.com,890-123-4567,321 Maple Dr,Bigtown,OH,USA,56789
71,Jack,Bailey,jackb@example.com,345-678-9012,876 Oak Ln,Hometown,CA,USA,23456
72,Chloe,Cooper,chloec@example.com,901-234-5678,543 Elm Blvd,Ruralville,FL,USA,78901
73,Henry,Stewart,henrys@example.com,123-456-7890,123 Birch Ave,Townsville,OH,USA,34567
74,Brooklyn,Lee,brooklynl@example.com,456-789-0123,456 Cedar Rd,Metropolis,TX,USA,90123
75,Luke,Adams,lukea@example.com,789-012-3456,789 Pine St,Villageton,NY,USA,45678
76,Hailey,Roberts,haileyr@example.com,234-567-8901,987 Oak Dr,Bigcity,CA,USA,23456
77,Elijah,Cox,elijahc@example.com,567-890-1234,654 Pine Ln,Hometown,CA,USA,89012
78,Sophie,Price,sophiep@example.com,890-123-4567,321 Elm St,Ruraltown,FL,USA,56789
79,Caleb,Watson,calebw@example.com,345-678-9012,876 Birch Blvd,Smalltown,WA,USA,23456
80,Victoria,Ross,victoriar@example.com,901-234-5678,543 Cedar Ave,Suburbia,IL,USA,78901
81,Christian,Gray,christiang@example.com,123-456-7890,123 Oak Rd,Bigtown,OH,USA,34567
82,Anna,Ramirez,annar@example.com,456-789-0123,456 Elm Dr,Hometown,CA,USA,90123
83,Evan,Brown,evanb@example.com,789-012-3456,789 Cedar Ln,Ruralville,FL,USA,45678
84,Claire,Baker,claireb@example.com,234-567-8901,987 Pine Rd,Townsville,OH,USA,23456
85,David,Green,davidg@example.com,567-890-1234,654 Willow Blvd,Metropolis,TX,USA,89012
86,Madelyn,Clark,madelync@example.com,890-123-4567,321 Maple St,Villageton,NY,USA,56789
87,Wyatt,Jones,wyattj@example.com,345-678-9012,876 Oak Ln,Bigcity,CA,USA,23456
88,Scarlett,Lewis,scarlettl@example.com,901-234-5678,543 Elm Rd,Hometown,CA,USA,78901
89,Brayden,King,braydenk@example.com,123-456-7890,123 Birch Blvd,Ruraltown,FL,USA,34567
90,Stella,Wright,stellaw@example.com,456-789-0123,456 Cedar St,Smalltown,WA,USA,90123
91,Adam,Scott,adams@example.com,789-012-3456,789 Pine Dr,Suburbia,IL,USA,45678
92,Penelope,Walker,penelopew@example.com,234-567-8901,987 Oak Ave,Bigtown,OH,USA,23456
93,Leo,Hill,leoh@example.com,567-890-1234,654 Maple Ln,Hometown,CA,USA,89012
94,Riley,Flores,rileyf@example.com,890-123-4567,321 Elm Dr,Ruralville,FL,USA,56789
95,Grayson,Hughes,graysonh@example.com,345-678-9012,876 Birch St,Townsville,OH,USA,23456
96,Caroline,Mitchell,carolinem@example.com,901-234-5678,543 Cedar Rd,Metropolis,TX,USA,78901
97,Aiden,Long,aidenl@example.com,123-456-7890,123 Oak Dr,Villageton,NY,USA,34567
98,Nora,Parker,norap@example.com,456-789-0123,456 Birch Blvd,Bigcity,CA,USA,90123
99,Benjamin,Evans,benjamine@example.com,789-012-3456,789 Pine Ln,Hometown,CA,USA,45678
100,Hazel,Bell,hazelb@example.com,234-567-8901,987 Elm Ave,Ruraltown,FL,USA,23456
101,Zoey,Reed,zoeyr@example.com,345-678-9012,123 Pine St,Hometown,CA,USA,34567
102,Jayden,Harris,jaydenh@example.com,890-123-4567,456 Elm Dr,Ruraltown,FL,USA,56789
103,Eleanor,Hughes,eleanorh@example.com,789-012-3456,789 Birch Rd,Smalltown,WA,USA,45678
104,Sebastian,Brooks,sebastianb@example.com,234-567-8901,987 Cedar Blvd,Suburbia,IL,USA,23456
105,Jack,Griffin,jackg@example.com,567-890-1234,654 Maple Ln,Townsville,OH,USA,89012
106,Grace,Reed,gracer@example.com,901-234-5678,321 Pine Dr,Metropolis,TX,USA,56789
107,Isaiah,Morris,isaiahm@example.com,345-678-9012,876 Elm St,Villageton,NY,USA,23456
108,Levi,Foster,levis@example.com,123-456-7890,123 Birch Blvd,Bigcity,CA,USA,78901
109,Lucy,Jenkins,lucyj@example.com,456-789-0123,456 Oak Ln,Hometown,CA,USA,34567
110,Gabriel,Long,gabriell@example.com,789-012-3456,789 Pine Dr,Ruraltown,FL,USA,90123
111,Lillian,Wells,lillianw@example.com,234-567-8901,987 Elm Ave,Smalltown,WA,USA,45678
112,Lincoln,Perry,lincolnp@example.com,567-890-1234,654 Cedar Ln,Suburbia,IL,USA,23456
113,Aria,Reed,ariar@example.com,890-123-4567,321 Maple Rd,Townsville,OH,USA,89012
114,Nicholas,Bailey,nicholasb@example.com,901-234-5678,543 Pine Dr,Metropolis,TX,USA,56789
115,Claire,Watson,clairew@example.com,123-456-7890,123 Elm St,Villageton,NY,USA,23456
116,Connor,Hill,connorh@example.com,456-789-0123,456 Oak Ln,Bigcity,CA,USA,78901
117,Julian,Nguyen,juliann@example.com,789-012-3456,789 Birch Blvd,Hometown,CA,USA,34567
118,Victoria,Scott,victorias@example.com,234-567-8901,987 Pine Rd,Ruraltown,FL,USA,90123
119,Asher,Cooper,asherc@example.com,567-890-1234,654 Cedar Dr,Smalltown,WA,USA,45678
120,Samantha,Howard,samanthah@example.com,890-123-4567,321 Maple Ave,Suburbia,IL,USA,23456
121,Owen,Adams,owena@example.com,901-234-5678,543 Elm St,Bigtown,OH,USA,89012
122,Audrey,Perez,audreyp@example.com,123-456-7890,123 Birch Rd,Hometown,CA,USA,56789
123,Miles,Harris,milesh@example.com,456-789-0123,456 Pine Ln,Ruraltown,FL,USA,23456
124,Isabelle,White,isabellew@example.com,789-012-3456,789 Elm Dr,Smalltown,WA,USA,45678
125,Easton,Brown,eastonb@example.com,234-567-8901,987 Cedar Ln,Suburbia,IL,USA,23456
126,Scarlett,Nguyen,scarlettn@example.com,567-890-1234,654 Pine Rd,Townsville,OH,USA,89012
127,Angelina,King,angelinak@example.com,890-123-4567,321 Maple Ln,Metropolis,TX,USA,56789
128,Ezekiel,Morris,ezekielm@example.com,901-234-5678,543 Elm Ave,Villageton,NY,USA,23456
129,Amelia,Foster,ameliaf@example.com,123-456-7890,123 Pine Dr,Bigcity,CA,USA,78901
130,Logan,Evans,logane@example.com,456-789-0123,456 Birch Ln,Hometown,CA,USA,34567
131,Eva,Gray,evag@example.com,789-012-3456,789 Cedar Rd,Ruraltown,FL,USA,90123
132,Eli,Roberts,elir@example.com,234-567-8901,987 Oak Dr,Smalltown,WA,USA,45678
133,Natalie,Lee,nataliel@example.com,567-890-1234,654 Pine Ave,Suburbia,IL,USA,23456
134,Aidan,Adams,aidana@example.com,890-123-4567,321 Maple Rd,Townsville,OH,USA,89012
135,Isla,Clark,islac@example.com,901-234-5678,543 Elm Blvd,Metropolis,TX,USA,56789
136,Lincoln,Mitchell,lincolnm@example.com,123-456-7890,123 Birch Rd,Villageton,NY,USA,23456
137,Zoey,Reed,zoeyr@example.com,456-789-0123,456 Pine Ln,Bigcity,CA,USA,78901
138,Andrew,Wright,andreww@example.com,789-012-3456,789 Maple Ln,Hometown,CA,USA,34567
139,Ellie,Reed,ellier@example.com,234-567-8901,987 Elm Dr,Ruraltown,FL,USA,90123
140,Gabriella,Perez,gabriellap@example.com,567-890-1234,654 Cedar Rd,Smalltown,WA,USA,45678
141,Landon,Bailey,landonb@example.com,890-123-4567,321 Pine Ave,Suburbia,IL,USA,23456
142,Nora,White,noraw@example.com,901-234-5678,543 Oak Ln,Townsville,OH,USA,89012
143,Isaiah,King,isaiahk@example.com,123-456-7890,123 Maple Dr,Metropolis,TX,USA,56789
144,Samantha,Nguyen,samanthan@example.com,456-789-0123,456 Cedar Blvd,Villageton,NY,USA,23456
145,Wyatt,Scott,wyatts@example.com,789-012-3456,789 Elm Ln,Bigcity,CA,USA,78901
146,Stella,Foster,stellaf@example.com,234-567-8901,987 Birch Ln,Hometown,CA,USA,34567
147,Benjamin,Gray,benjaming@example.com,567-890-1234,654 Cedar Rd,Ruraltown,FL,USA,90123
148,Charlotte,Evans,charlottee@example.com,890-123-4567,321 Oak Ln,Smalltown,WA,USA,45678
149,Jack,Harris,jackh@example.com,901-234-5678,543 Pine Rd,Suburbia,IL,USA,23456
150,Hannah,Roberts,hannahr@example.com,123-456-7890,123 Elm Dr,Townsville,OH,USA,89012
151,Joseph,Mitchell,josephm@example.com,456-789-0123,456 Birch Ave,Metropolis,TX,USA,56789
152,Addison,Lee,addisonl@example.com,789-012-3456,789 Cedar Ln,Villageton,NY,USA,23456
153,Isaac,Scott,isaacs@example.com,234-567-8901,987 Maple Rd,Bigcity,CA,USA,78901
154,Savannah,King,savannahk@example.com,567-890-1234,654 Elm Ave,Hometown,CA,USA,34567
155,Jackson,Gray,jacksong@example.com,890-123-4567,321 Pine Blvd,Ruraltown,FL,USA,90123
156,Lucy,White,lucyw@example.com,901-234-5678,543 Cedar Rd,Smalltown,WA,USA,45678
157,Joshua,Perez,joshuap@example.com,123-456-7890,123 Maple Dr,Suburbia,IL,USA,23456
158,Victoria,Brown,victoriab@example.com,456-789-0123,456 Oak Ln,Townsville,OH,USA,89012
159,Oliver,Reed,oliverr@example.com,789-012-3456,789 Birch Blvd,Metropolis,TX,USA,56789
160,Layla,Roberts,laylar@example.com,567-890-1234,654 Maple Blvd,Smalltown,WA,USA,45678
161,Madison,Mitchell,madisonm@example.com,345-678-9012,123 Pine Ave,Hometown,CA,USA,34567
162,Henry,Harris,henryh@example.com,890-123-4567,456 Elm Blvd,Ruraltown,FL,USA,56789
163,Emily,Hughes,emilyh@example.com,789-012-3456,789 Birch Ln,Smalltown,WA,USA,45678
164,Grayson,Brooks,graysonb@example.com,234-567-8901,987 Cedar Rd,Suburbia,IL,USA,23456
165,Chloe,Griffin,chloeg@example.com,567-890-1234,654 Maple Blvd,Townsville,OH,USA,89012
166,Lily,Reed,lilyr@example.com,901-234-5678,321 Pine Ln,Metropolis,TX,USA,56789
167,Ethan,Morris,ethanm@example.com,345-678-9012,876 Elm Ave,Villageton,NY,USA,23456
168,Anna,Foster,annaf@example.com,123-456-7890,123 Birch Dr,Bigcity,CA,USA,78901
169,John,Jenkins,johnj@example.com,456-789-0123,456 Oak Blvd,Hometown,CA,USA,34567
170,Nicholas,Long,nicholasl@example.com,789-012-3456,789 Pine Rd,Ruraltown,FL,USA,90123
171,Amelia,Wells,ameliaw@example.com,234-567-8901,987 Elm Ln,Smalltown,WA,USA,45678
172,Logan,Perry,loganp@example.com,567-890-1234,654 Cedar Ave,Suburbia,IL,USA,23456
173,Mia,Reed,miar@example.com,890-123-4567,321 Maple Blvd,Townsville,OH,USA,89012
174,Carter,Bailey,carterb@example.com,901-234-5678,543 Pine Ln,Metropolis,TX,USA,56789
175,Penelope,Watson,penelopew@example.com,123-456-7890,123 Elm Rd,Villageton,NY,USA,23456
176,Christian,Hill,christianh@example.com,456-789-0123,456 Oak Ave,Bigcity,CA,USA,78901
177,Scarlett,Nguyen,scarlettn@example.com,789-012-3456,789 Birch Ln,Hometown,CA,USA,34567
178,Daniel,Scott,daniels@example.com,234-567-8901,987 Pine Dr,Ruraltown,FL,USA,90123
179,Grace,Howard,graceh@example.com,567-890-1234,654 Cedar Rd,Smalltown,WA,USA,45678
180,Wyatt,Adams,wyatta@example.com,890-123-4567,321 Maple Ln,Suburbia,IL,USA,23456
181,Evelyn,Perez,evelynp@example.com,901-234-5678,543 Elm Blvd,Bigtown,OH,USA,89012
182,Liam,Harris,liamh@example.com,123-456-7890,123 Birch Rd,Hometown,CA,USA,56789
183,Addison,White,addisonw@example.com,456-789-0123,456 Pine Ln,Ruraltown,FL,USA,23456
184,Avery,Brown,averyb@example.com,789-012-3456,789 Elm Rd,Smalltown,WA,USA,45678
185,Levi,Nguyen,levin@example.com,234-567-8901,987 Cedar Ln,Suburbia,IL,USA,23456
186,Sophia,King,sophiak@example.com,567-890-1234,654 Pine Blvd,Townsville,OH,USA,89012
187,Samuel,Morris,samuelm@example.com,890-123-4567,321 Maple Rd,Metropolis,TX,USA,56789
188,Samantha,Foster,samanthaf@example.com,901-234-5678,543 Elm Ave,Villageton,NY,USA,23456
189,Madelyn,Evans,madelyne@example.com,123-456-7890,123 Birch Ln,Bigcity,CA,USA,78901
190,James,Wright,jamesw@example.com,456-789-0123,456 Pine Dr,Hometown,CA,USA,34567
191,Hannah,Reed,hannahr@example.com,789-012-3456,789 Elm Ln,Ruraltown,FL,USA,90123
192,Jacob,Perez,jacobp@example.com,234-567-8901,987 Cedar Blvd,Smalltown,WA,USA,45678
193,Chloe,Bailey,chloeb@example.com,567-890-1234,654 Maple Ln,Suburbia,IL,USA,23456
194,Luke,White,lukew@example.com,890-123-4567,321 Pine Dr,Townsville,OH,USA,89012
195,Harper,Reed,harperr@example.com,901-234-5678,543 Elm Blvd,Metropolis,TX,USA,56789
196,Cameron,Griffin,camerong@example.com,123-456-7890,123 Birch Rd,Villageton,NY,USA,23456
197,Emily,Foster,emilyf@example.com,456-789-0123,456 Pine Ln,Bigcity,CA,USA,78901
198,Jack,Morris,jackm@example.com,789-012-3456,789 Elm Ave,Hometown,CA,USA,34567
199,Ellie,Hughes,ellieh@example.com,234-567-8901,987 Cedar Dr,Ruraltown,FL,USA,90123
200,Brayden,Brooks,braydenb@example.com,567-890-1234,654 Maple Blvd,Smalltown,WA,USA,45678

